"Acidic Slime","Magic 2011","bf288a6446b1c78f","0"
"Act of Treason","Magic 2011","85693a97a93a93c9","0"
"AEther Adept","Magic 2011","f31f3c9899c991c1","0"
"Air Servant","Magic 2011","d18b2e5479c61af1","0"
"Ajani Goldmane","Magic 2011","cf0b41f731b1311b","0"
"Ajani's Mantra","Magic 2011","e9230e8e9b3546cb","0"
"Ajani's Pridemate","Magic 2011","2373d3c390f0f338","0"
"Alluring Siren","Magic 2011","c3e3fe6e33704c04","0"
"Ancient Hellkite","Magic 2011","5341292fb1a9dcce","0"
"Angel's Feather","Magic 2011","0dad893ab36c6c93","0"
"Angelic Arbiter","Magic 2011","cd3611e3c54fc8e2","0"
"Arc Runner","Magic 2011","29515477992c3bba","0"
"Armored Ascension","Magic 2011","b586d80376d825f9","0"
"Armored Cancrix","Magic 2011","9b8fb17c22305de4","0"
"Assassinate","Magic 2011","13a16c1cfc8f4cbc","0"
"Assault Griffin","Magic 2011","1f87310da5e6d689","0"
"Augury Owl","Magic 2011","73398cc4ed730cc6","0"
"Autumn's Veil","Magic 2011","95c9c52fa4c92fe0","0"
"Awakener Druid","Magic 2011","cd8d3470204f7c9f","0"
"Azure Drake","Magic 2011","3137bd57cc13438a","0"
"Back to Nature","Magic 2011","71721a368e6e6669","0"
"Baneslayer Angel","Magic 2011","21a46bb8ee64c763","0"
"Barony Vampire","Magic 2011","89ad0652cecd9796","0"
"Berserkers of Blood Ridge","Magic 2011","575163a89134f6e6","0"
"Birds of Paradise","Magic 2011","6b51726740d895ed","0"
"Black Knight","Magic 2011","d719cb9570f48558","0"
"Blinding Mage","Magic 2011","a3834c6d8d79718d","0"
"Blood Tithe","Magic 2011","adb6594637dc6214","0"
"Bloodcrazed Goblin","Magic 2011","1151c39eb0bd9dc5","0"
"Bloodthrone Vampire","Magic 2011","5f4f268613d434b6","0"
"Bog Raiders","Magic 2011","6da3b0726ccc925e","0"
"Brindle Boar","Magic 2011","0f2f4f43a1637992","0"
"Brittle Effigy","Magic 2011","b1db4c9948cc798e","0"
"Call to Mind","Magic 2011","8dd45ac966966574","0"
"Cancel","Magic 2011","179fabaa2205656d","0"
"Canyon Minotaur","Magic 2011","f1a30b5a27736299","0"
"Captivating Vampire","Magic 2011","e369783d0cc9b319","0"
"Celestial Purge","Magic 2011","e14d34d3f08de718","0"
"Chandra Nalaar","Magic 2011","2d9fe8e932ae4207","0"
"Chandra's Outrage","Magic 2011","13185727f35aaea1","0"
"Chandra's Spitfire","Magic 2011","93e52491b7d86f24","0"
"Child of Night","Magic 2011","3d5bbd50a1d2828f","0"
"Clone","Magic 2011","3dc96303cf4e07d2","0"
"Cloud Crusader","Magic 2011","631343671eda68a7","0"
"Cloud Elemental","Magic 2011","43c3f0f880f13f72","0"
"Combust","Magic 2011","7de92b41ae26242f","0"
"Condemn","Magic 2011","732391f6684fbe02","0"
"Conundrum Sphinx","Magic 2011","4183d0696dafb678","0"
"Corrupt","Magic 2011","655cb2cd46a37949","0"
"Crystal Ball","Magic 2011","538b9490ce74caf6","0"
"Cudgel Troll","Magic 2011","b7e9545a82143df1","0"
"Cultivate","Magic 2011","73528869e6946ec7","0"
"Cyclops Gladiator","Magic 2011","9dcdc3d03933d20d","0"
"Dark Tutelage","Magic 2011","4dd6b0664a0d1ef5","0"
"Day of Judgment","Magic 2011","f9a184d8e79568aa","0"
"Deathmark","Magic 2011","c3a531eb29125be6","0"
"Demolish","Magic 2011","e3ec58136ce331c3","0"
"Demon of Death's Gate","Magic 2011","293249bc1f8ea5e5","0"
"Demon's Horn","Magic 2011","073d3e8fe432d20b","0"
"Destructive Force","Magic 2011","83e31d5dd20ed652","0"
"Diabolic Tutor","Magic 2011","63169ee129eef818","0"
"Diminish","Magic 2011","b320ccfccc477316","0"
"Disentomb","Magic 2011","4b29bc1b8896e9ec","0"
"Doom Blade","Magic 2011","b5934a7f9ccce201","0"
"Dragon's Claw","Magic 2011","ab6c96d9a4960ea3","0"
"Dragonskull Summit","Magic 2011","9f217855a85b9971","0"
"Drowned Catacomb","Magic 2011","e3673ac6587c0c8b","0"
"Dryad's Favor","Magic 2011","bfe5c1d849199c26","0"
"Duress","Magic 2011","d99b66868669b362","0"
"Duskdale Wurm","Magic 2011","232c68739c66f19d","0"
"Earth Servant","Magic 2011","15b5fab82f4952c2","0"
"Elite Vanguard","Magic 2011","3782e85690c7e6bc","0"
"Elixir of Immortality","Magic 2011","2559ece4ca25535b","0"
"Elvish Archdruid","Magic 2011","4d8b5bdbd6742406","0"
"Ember Hauler","Magic 2011","0d5591d9e80b7fe0","0"
"Excommunicate","Magic 2011","6bc7092d3671959a","0"
"Fauna Shaman","Magic 2011","455bab6570a54787","0"
"Fiery Hellhound","Magic 2011","097c7297ee58b063","0"
"Fire Servant","Magic 2011","739984e43d3ac665","0"
"Fireball","Magic 2011","ddfd364999554920","0"
"Flashfreeze","Magic 2011","19a9e8d0d43b8e3e","0"
"Fling","Magic 2011","df59a32fb9a10cc0","0"
"Fog","Magic 2011","33c3c87d36b0c719","0"
"Foresee","Magic 2011","693556d336c99174","0"
"Forest (1)","Magic 2011","f1b1ad5a0d5225f8","0"
"Forest (2)","Magic 2011","d32c2cdf952a7644","0"
"Forest (3)","Magic 2011","93a3666ebc989c0e","0"
"Forest (4)","Magic 2011","73f60c9c347be205","0"
"Frost Titan","Magic 2011","cfd7900778a02de6","0"
"Gaea's Revenge","Magic 2011","85e552ce6f1fa830","0"
"Gargoyle Sentinel","Magic 2011","9dd9a0268ece5655","0"
"Garruk Wildspeaker","Magic 2011","95a5e9a85a1d2373","0"
"Garruk's Companion","Magic 2011","894fc351d3d1b326","0"
"Garruk's Packleader","Magic 2011","d9ef27b3c04ce086","0"
"Giant Growth","Magic 2011","15ab99dce20ffc04","0"
"Giant Spider","Magic 2011","3d41cbb13b8cd691","0"
"Glacial Fortress","Magic 2011","33627468f8796273","0"
"Goblin Balloon Brigade","Magic 2011","7778c69e9d612115","0"
"Goblin Chieftain","Magic 2011","7383e5e0e0731f2c","0"
"Goblin Piker","Magic 2011","312ceab30e5374e6","0"
"Goblin Tunneler","Magic 2011","2faa31e345dc7530","0"
"Goldenglow Moth","Magic 2011","d319cc4c5c63639b","0"
"Grave Titan","Magic 2011","c5a1e95883993d3b","0"
"Gravedigger","Magic 2011","4db1b2ccc33c6c96","0"
"Greater Basilisk","Magic 2011","a12633ad6c36c66b","0"
"Harbor Serpent","Magic 2011","7fac6653824d492d","0"
"Haunting Echoes","Magic 2011","6946b3bcf838d429","0"
"Hoarding Dragon","Magic 2011","fb373613168609ad","0"
"Holy Strength","Magic 2011","01d38a2549f973be","0"
"Honor of the Pure","Magic 2011","8541a6c1f87a675d","0"
"Hornet Sting","Magic 2011","930b29cbadb652b4","0"
"Howling Banshee","Magic 2011","f172d872aa8d9c70","0"
"Hunters' Feast","Magic 2011","4b0352d494b3ecaf","0"
"Ice Cage","Magic 2011","0157d1e1e2f983f4","0"
"Incite","Magic 2011","e3f13c0e44cec56c","0"
"Infantry Veteran","Magic 2011","7173cbc80c25e6ce","0"
"Inferno Titan","Magic 2011","39c7026d9e19657c","0"
"Inspired Charge","Magic 2011","9383d9f42867f312","0"
"Island (1)","Magic 2011","1f0fe6f122013abb","0"
"Island (2)","Magic 2011","4191929afc6d6766","0"
"Island (3)","Magic 2011","9354df9b0c992c33","0"
"Island (4)","Magic 2011","0df3d32c6ccb5232","0"
"Jace Beleren","Magic 2011","0d4343eb3a175772","0"
"Jace's Erasure","Magic 2011","d9ad280f6293f263","0"
"Jace's Ingenuity","Magic 2011","a389569e794e16a9","0"
"Jinxed Idol","Magic 2011","a5e55849db3903d9","0"
"Juggernaut","Magic 2011","5191f5b52d71093d","0"
"Knight Exemplar","Magic 2011","95f1a38fe0695949","0"
"Kraken's Eye","Magic 2011","57939235351bc95a","0"
"Lava Axe","Magic 2011","d5a5a9f99a110f19","0"
"Leyline of Anticipation","Magic 2011","49662b707ae454ed","0"
"Leyline of Punishment","Magic 2011","dbb7a14172793458","0"
"Leyline of Sanctity","Magic 2011","a9cb925692cd8da9","0"
"Leyline of the Void","Magic 2011","696d56198c63b3ca","0"
"Leyline of Vitality","Magic 2011","f9de0cb2ce9d3240","0"
"Lightning Bolt","Magic 2011","753a29566a871e39","0"
"Liliana Vess","Magic 2011","33103dcf0c9bf156","0"
"Liliana's Caress","Magic 2011","19d8a65e6f138cc6","0"
"Liliana's Specter","Magic 2011","19c9e496969b6965","0"
"Llanowar Elves","Magic 2011","9dc28d221b3fe2c9","0"
"Magma Phoenix","Magic 2011","1b0f6c6cb2e3c989","0"
"Mana Leak","Magic 2011","9339295a31b1c7ec","0"
"Manic Vandal","Magic 2011","ad2cdbf86883724c","0"
"Maritime Guard","Magic 2011","1b3028dbd4ecc771","0"
"Mass Polymorph","Magic 2011","276b8579c5962752","0"
"Merfolk Sovereign","Magic 2011","9feb32e2a179c007","0"
"Merfolk Spy","Magic 2011","f3ef70582c269853","0"
"Mighty Leap","Magic 2011","a7a139479c36a6e4","0"
"Mind Control","Magic 2011","e5ca29331e18d397","0"
"Mind Rot","Magic 2011","133372c7635a5b34","0"
"Mitotic Slime","Magic 2011","1f0b13b2f7792950","0"
"Mountain (1)","Magic 2011","812e99b36465deca","0"
"Mountain (2)","Magic 2011","d7c5a2cbec2d220b","0"
"Mountain (3)","Magic 2011","dd8b0d62f2f03c64","0"
"Mountain (4)","Magic 2011","31c739eb0b570715","0"
"Mystifying Maze","Magic 2011","23d9bccc8cb252b9","0"
"Nantuko Shade","Magic 2011","f336c731ce4134cc","0"
"Naturalize","Magic 2011","014b0d2fc3cd6b5e","0"
"Nature's Spiral","Magic 2011","59170c48e9bd1fa6","0"
"Necrotic Plague","Magic 2011","9797e9e1761c9a80","0"
"Negate","Magic 2011","27e5fa9e59449a81","0"
"Nether Horror","Magic 2011","899f6662f6313a13","0"
"Nightwing Shade","Magic 2011","314e69f35a391e8c","0"
"Obstinate Baloth","Magic 2011","e3cb8784e2716935","0"
"Ornithopter","Magic 2011","0de5f3b324762c91","0"
"Overwhelming Stampede","Magic 2011","8dcbe3b5222c3a99","0"
"Pacifism","Magic 2011","8f4a8b861dc65acb","0"
"Palace Guard","Magic 2011","09a7f699969c192e","0"
"Phantom Beast","Magic 2011","2194e2bc566c1fea","0"
"Phylactery Lich","Magic 2011","ed4562b1503dba1b","0"
"Plains (1)","Magic 2011","99b3dc56364c9ca4","0"
"Plains (2)","Magic 2011","93d3246c2e1f0f1e","0"
"Plains (3)","Magic 2011","3b3d7b314eb14e02","0"
"Plains (4)","Magic 2011","af2da03c31371f46","0"
"Platinum Angel","Magic 2011","09e32d08d8f6b6e6","0"
"Plummet","Magic 2011","b1636cdd4a4d945a","0"
"Preordain","Magic 2011","7b3e855e5e054721","0"
"Primal Cocoon","Magic 2011","c9a13534d8f6e0d9","0"
"Primeval Titan","Magic 2011","4963735993b6a589","0"
"Prized Unicorn","Magic 2011","8dc15a929aae89f9","0"
"Prodigal Pyromancer","Magic 2011","897896e629a67a2b","0"
"Protean Hydra","Magic 2011","35317f2d274f4870","0"
"Pyretic Ritual","Magic 2011","bb63c48f063994c7","0"
"Pyroclasm","Magic 2011","534f2613e18dbe61","0"
"Quag Sickness","Magic 2011","49f2902c3cec63f3","0"
"Reassembling Skeleton","Magic 2011","0767f09a9e85c8d9","0"
"Redirect","Magic 2011","ada5d2da96145556","0"
"Relentless Rats","Magic 2011","37b717a1a1b82a2e","0"
"Reverberate","Magic 2011","a51a4e2da4cb93d9","0"
"Rise from the Grave","Magic 2011","995b36a4d909b656","0"
"Roc Egg","Magic 2011","010145fef8eae7a3","0"
"Rootbound Crag","Magic 2011","c71fda612ddf8408","0"
"Rotting Legion","Magic 2011","e5911a70a5e5b31e","0"
"Royal Assassin","Magic 2011","3dc5934bb3a1097c","0"
"Runeclaw Bear","Magic 2011","ed49b3f14b3c18c2","0"
"Sacred Wolf","Magic 2011","e3f7262d091835ba","0"
"Safe Passage","Magic 2011","d588ace7300fd399","0"
"Scroll Thief","Magic 2011","ad256a6252b692db","0"
"Serra Angel","Magic 2011","61837b375e600f1e","0"
"Serra Ascendant","Magic 2011","cb63a8c9723d9e12","0"
"Shiv's Embrace","Magic 2011","c33cc7e192c616d3","0"
"Siege Mastodon","Magic 2011","17d3690cd16269ed","0"
"Sign in Blood","Magic 2011","4b5ce52766339299","0"
"Silence","Magic 2011","b1b60e5af59a7884","0"
"Silvercoat Lion","Magic 2011","234bc385556c97c7","0"
"Sleep","Magic 2011","1be26c1fb641e338","0"
"Solemn Offering","Magic 2011","692973464fde2619","0"
"Sorcerer's Strongbox","Magic 2011","b5b04986f99e3166","0"
"Spined Wurm","Magic 2011","2f174c875938e173","0"
"Squadron Hawk","Magic 2011","355a5a2925b295bd","0"
"Stabbing Pain","Magic 2011","5730e2b7ba7a9121","0"
"Steel Overseer","Magic 2011","77cb282dc79118da","0"
"Stone Golem","Magic 2011","27ed6034d8ce695c","0"
"Stormfront Pegasus","Magic 2011","d71a27b8a16c6c5a","0"
"Stormtide Leviathan","Magic 2011","b9552aeb19b66382","0"
"Sun Titan","Magic 2011","0dd349b93249ed27","0"
"Sunpetal Grove","Magic 2011","d97d564ba5030bb4","0"
"Swamp (1)","Magic 2011","f133c6cdc2562d38","0"
"Swamp (2)","Magic 2011","b153689b19dc8ed1","0"
"Swamp (3)","Magic 2011","3bc5c03ff40e29c9","0"
"Swamp (4)","Magic 2011","213e92611ea3bc7b","0"
"Sword of Vengeance","Magic 2011","a3562c915b67c699","0"
"Sylvan Ranger","Magic 2011","f7420aa5415f2cde","0"
"Temple Bell","Magic 2011","bdcc03af24db90d4","0"
"Terramorphic Expanse","Magic 2011","d38e0cc63f1ce619","0"
"Thunder Strike","Magic 2011","6331c0fe385c9337","0"
"Time Reversal","Magic 2011","618e61f9d82a1e4f","0"
"Tireless Missionaries","Magic 2011","614397bf5fa4a442","0"
"Tome Scour","Magic 2011","0d47cce1f6cd220f","0"
"Traumatize","Magic 2011","69e596258abe62d2","0"
"Triskelion","Magic 2011","172d7393c825e65c","0"
"Unholy Strength","Magic 2011","3162bc0e6b55e0f9","0"
"Unsummon","Magic 2011","2dd1dea44b95610f","0"
"Vengeful Archon","Magic 2011","e978c1969b6c2635","0"
"Viscera Seer","Magic 2011","594d729a9ce1cc33","0"
"Volcanic Strength","Magic 2011","23615bd9af28cb46","0"
"Voltaic Key","Magic 2011","eba0426722dd3ed8","0"
"Vulshok Berserker","Magic 2011","9b076ae133961dd2","0"
"Wall of Frost","Magic 2011","4bc0ac9fb06b6c69","0"
"Wall of Vines","Magic 2011","933983831bdbcf24","0"
"War Priest of Thune","Magic 2011","4fdb232192927d6c","0"
"Warlord's Axe","Magic 2011","13c3f06924e1e7e6","0"
"Water Servant","Magic 2011","79d769029cc227ec","0"
"Whispersilk Cloak","Magic 2011","8787309be3c3d90d","0"
"White Knight","Magic 2011","ff4f0b0393292783","0"
"Wild Evocation","Magic 2011","e338d66d16a21c8f","0"
"Wild Griffin","Magic 2011","010c83f1fde56b1b","0"
"Wurm's Tooth","Magic 2011","29b93b0e45ccb333","0"
"Yavimaya Wurm","Magic 2011","2d7351a9e949d594","0"
"Acidic Slime","Magic 2012","bf288a4446b3e787","0"
"Act of Treason","Magic 2012","85693a97a93a93c9","0"
"Adaptive Automaton","Magic 2012","6591895998d4eb3e","0"
"Aegis Angel","Magic 2012","8d9326e75a8ae23c","0"
"AEther Adept","Magic 2012","f31f3c9899c991c1","0"
"Alabaster Mage","Magic 2012","a7135837ace437a1","0"
"Alluring Siren","Magic 2012","c3e3fe6e13714c04","0"
"Amphin Cutthroat","Magic 2012","093bb644f4dca6a6","0"
"Angel's Feather","Magic 2012","8dad893ab36c6c91","0"
"Angel's Mercy","Magic 2012","9dc3740fd03b09e6","0"
"Angelic Destiny","Magic 2012","f56f14054d6a6cc3","0"
"Arachnus Spinner","Magic 2012","57ca03a7f0226de6","0"
"Arachnus Web","Magic 2012","e1b1886d752a2f35","0"
"Arbalest Elite","Magic 2012","1b6de093466839bb","0"
"Archon of Justice","Magic 2012","638acc0f2a7c7ae8","0"
"Armored Warhorse","Magic 2012","57b719b099ef8218","0"
"Assault Griffin","Magic 2012","1f87310dade6d681","0"
"Auramancer","Magic 2012","41f5fab9182f412e","0"
"Autumn's Veil","Magic 2012","95c9c52fa4c92fe0","0"
"Aven Fleetwing","Magic 2012","7550a177eba6d881","0"
"Azure Mage","Magic 2012","c933f289466b271d","0"
"Belltower Sphinx","Magic 2012","f7292b3ba587d240","0"
"Benalish Veteran","Magic 2012","2b2b09ddb3a36706","0"
"Birds of Paradise","Magic 2012","6b51726740d895ed","0"
"Blood Ogre","Magic 2012","dd596885c42bd31b","0"
"Blood Seeker","Magic 2012","23f2fc0ec0b38774","0"
"Bloodlord of Vaasgoth","Magic 2012","2369d9529898f17e","0"
"Bloodrage Vampire","Magic 2012","a1f138cc6cceccb2","0"
"Bonebreaker Giant","Magic 2012","4d3df78201d2ab59","0"
"Bountiful Harvest","Magic 2012","e9318eeaf0301cf9","0"
"Brindle Boar","Magic 2012","0f0f4f43e1637992","0"
"Brink of Disaster","Magic 2012","092929ebe1e3ced4","0"
"Buried Ruin","Magic 2012","a3bcf619c0a14da7","0"
"Call to the Grave","Magic 2012","0f1fb0c7e0d92c36","0"
"Cancel","Magic 2012","159fabaa22056d6d","0"
"Carnage Wurm","Magic 2012","6d65235d595bb111","0"
"Celestial Purge","Magic 2012","e1cd3453f08de718","0"
"Cemetery Reaper","Magic 2012","8591d0b5b4d84f5e","0"
"Chandra's Outrage","Magic 2012","13185727f35a2ea9","0"
"Chandra's Phoenix","Magic 2012","a1a4f6979c6270bc","0"
"Chandra, the Firebrand","Magic 2012","2dc0f0bd3e42d3d8","0"
"Chasm Drake","Magic 2012","ef0d0f4fcb4910e4","0"
"Child of Night","Magic 2012","bd5bbd50a0d2828f","0"
"Circle of Flame","Magic 2012","d181c3e64bbc0c5f","0"
"Combust","Magic 2012","7de92b41ae26242f","0"
"Consume Spirit","Magic 2012","9bcc6532e48719cd","0"
"Coral Merfolk","Magic 2012","cde2f8141de688b6","0"
"Crimson Mage","Magic 2012","2539b80f3b9cc6c6","0"
"Crown of Empires","Magic 2012","99d328b95c4d8f86","0"
"Crumbling Colossus","Magic 2012","a738adcb1769a291","0"
"Cudgel Troll","Magic 2012","b7e9555a82143db1","0"
"Dark Favor","Magic 2012","b358a6c698dda968","0"
"Day of Judgment","Magic 2012","f9a185d8e795688a","0"
"Deathmark","Magic 2012","c3a531eb29125be6","0"
"Demon's Horn","Magic 2012","073d3e8de432d21b","0"
"Demystify","Magic 2012","c72d5be522a5d48a","0"
"Devouring Swarm","Magic 2012","4fe8b186497c9761","0"
"Diabolic Tutor","Magic 2012","63169ee129eef818","0"
"Disentomb","Magic 2012","4b29bc1b8896c9ed","0"
"Distress","Magic 2012","89f21e476447b39a","0"
"Divination","Magic 2012","21c6c8395e87e673","0"
"Divine Favor","Magic 2012","99689a9da760694f","0"
"Djinn of Wishes","Magic 2012","ad8cb3193239999e","0"
"Doom Blade","Magic 2012","b5934a7f9ccce201","0"
"Doubling Chant","Magic 2012","1fa3c05e5ec468b6","0"
"Dragon's Claw","Magic 2012","ab6c96d9a4960ea3","0"
"Dragonskull Summit","Magic 2012","9f217a55e85b1871","0"
"Drifting Shade","Magic 2012","8d9a72ce8d0c39b3","0"
"Drowned Catacomb","Magic 2012","e3673ec6583c0c8b","0"
"Druidic Satchel","Magic 2012","27e147e6c48d8c9d","0"
"Dungrove Elder","Magic 2012","61c9c91bc6ee36a2","0"
"Duskhunter Bat","Magic 2012","edd1313ec075c272","0"
"Elite Vanguard","Magic 2012","7782e81690c7e6bc","0"
"Elixir of Immortality","Magic 2012","2519ede4da25531b","0"
"Elvish Archdruid","Magic 2012","4d8b5bdbd6742406","0"
"Fiery Hellhound","Magic 2012","096d7297ee58b063","0"
"Fireball","Magic 2012","ddfd364999554920","0"
"Firebreathing","Magic 2012","f17d1636331948e9","0"
"Flameblast Dragon","Magic 2012","a52d29a953d9da38","0"
"Flashfreeze","Magic 2012","1ba9e8d0d43b0e3e","0"
"Flight","Magic 2012","df203193b2c9496f","0"
"Fling","Magic 2012","df59a32fb9a10c48","0"
"Fog","Magic 2012","0b53f497dc81a6a9","0"
"Forest (1)","Magic 2012","f3db4d11ef01a20e","0"
"Forest (2)","Magic 2012","636e929e79e19306","0"
"Forest (3)","Magic 2012","73f60c9c347be205","0"
"Forest (4)","Magic 2012","f99b0d39f2d90a0c","0"
"Frost Breath","Magic 2012","191ba5d794d9332a","0"
"Frost Titan","Magic 2012","cfd7900778a02de6","0"
"Furyborn Hellkite","Magic 2012","61388e7de41eed12","0"
"Garruk's Companion","Magic 2012","894fc351d3d1b326","0"
"Garruk's Horde","Magic 2012","dd0da32237d31b4c","0"
"Garruk, Primal Hunter","Magic 2012","4d5b09b9b62c4b27","0"
"Giant Spider","Magic 2012","3d41cbb13b8cd691","0"
"Gideon Jura","Magic 2012","cd0d83e01e86fada","0"
"Gideon's Avenger","Magic 2012","edd1935a76216193","0"
"Gideon's Lawkeeper","Magic 2012","9d79836cd22643d9","0"
"Glacial Fortress","Magic 2012","33627468f8796273","0"
"Gladecover Scout","Magic 2012","e1233cfac7869073","0"
"Goblin Arsonist","Magic 2012","3d65e8fec0a0a5b4","0"
"Goblin Bangchuckers","Magic 2012","5581e34a3bb9b32a","0"
"Goblin Chieftain","Magic 2012","3703e5e0e07b1f2c","0"
"Goblin Fireslinger","Magic 2012","3fc7a688c863b329","0"
"Goblin Grenade","Magic 2012","8770994c2ce366bd","0"
"Goblin Piker","Magic 2012","312ceab30e5374e6","0"
"Goblin Tunneler","Magic 2012","2faa31f345dc5530","0"
"Goblin War Paint","Magic 2012","c5871269b81ba5f3","0"
"Gorehorn Minotaurs","Magic 2012","d9f5c9240f7d7101","0"
"Grand Abolisher","Magic 2012","2f7aa953d4a42355","0"
"Grave Titan","Magic 2012","c5a3e95883993d1b","0"
"Gravedigger","Magic 2012","4db1b2ccc73c2c96","0"
"Greater Basilisk","Magic 2012","a12633ad2cb6c66b","0"
"Greatsword","Magic 2012","b1d3c666619c9ce2","0"
"Griffin Rider","Magic 2012","357b8faf5a01a213","0"
"Griffin Sentinel","Magic 2012","959c296346bcb1f2","0"
"Grim Lavamancer","Magic 2012","9156c8707d2f9a4b","0"
"Guardians' Pledge","Magic 2012","c961c9b42a73ccd6","0"
"Harbor Serpent","Magic 2012","fbac6653824d492d","0"
"Hideous Visage","Magic 2012","f9e1398e68490d7c","0"
"Honor of the Pure","Magic 2012","a141a6c1f87a675d","0"
"Hunter's Insight","Magic 2012","35dc0f1a03adb563","0"
"Ice Cage","Magic 2012","0157d1e1eaf913e4","0"
"Incinerate","Magic 2012","c59734ca666da68a","0"
"Inferno Titan","Magic 2012","39cf026d1e19657c","0"
"Island (1)","Magic 2012","1f0fe7f102013abb","0"
"Island (2)","Magic 2012","c155f8a93239da0f","0"
"Island (3)","Magic 2012","e93e59896178ae16","0"
"Island (4)","Magic 2012","d74868b35c1ab9ca","0"
"Jace's Archivist","Magic 2012","5357a8b63ce94691","0"
"Jace's Erasure","Magic 2012","d9ad2a0f6283f263","0"
"Jace, Memory Adept","Magic 2012","a51dec6b50c36b43","0"
"Jade Mage","Magic 2012","a72858b33c9696d6","0"
"Kite Shield","Magic 2012","371fcc6514175327","0"
"Kraken's Eye","Magic 2012","57939235351bc95a","0"
"Lava Axe","Magic 2012","d5a5a9f99a110f19","0"
"Levitation","Magic 2012","dd06f1daa3740d64","0"
"Lifelink","Magic 2012","b749f1b1208f6656","0"
"Lightning Elemental","Magic 2012","8bdf3432d2431d74","0"
"Llanowar Elves","Magic 2012","9dc38d221b3fe2c1","0"
"Lord of the Unreal","Magic 2012","8d6f90e3667903c3","0"
"Lure","Magic 2012","3ba4f2592c17ccca","0"
"Lurking Crocodile","Magic 2012","81f2e94b6b9a343c","0"
"Mana Leak","Magic 2012","9339295a31b1c7ec","0"
"Manabarbs","Magic 2012","719480eefc42afd2","0"
"Manalith","Magic 2012","65616239c3f28fcc","0"
"Manic Vandal","Magic 2012","ad2cdbf86883724c","0"
"Master Thief","Magic 2012","e3900fe01ae9ae5e","0"
"Merfolk Looter","Magic 2012","25afce0c1f1b8b25","0"
"Merfolk Mesmerist","Magic 2012","c3237c7c039dbad0","0"
"Mesa Enchantress","Magic 2012","e12e1e233532f16b","0"
"Mighty Leap","Magic 2012","a7a139459e34a6ec","0"
"Mind Control","Magic 2012","e5cb29330e18d397","0"
"Mind Rot","Magic 2012","133372c7635a593c","0"
"Mind Unbound","Magic 2012","8b9b0cb6cb9c40cf","0"
"Monomania","Magic 2012","a9de463956c689ac","0"
"Mountain (1)","Magic 2012","91494eb9ba4527d9","0"
"Mountain (2)","Magic 2012","31c739eb0b570715","0"
"Mountain (3)","Magic 2012","65cd59d1d991ac19","0"
"Mountain (4)","Magic 2012","6326394dadad2955","0"
"Naturalize","Magic 2012","014b0d2fc3cd6b5e","0"
"Negate","Magic 2012","25e5fa9e59469a81","0"
"Oblivion Ring","Magic 2012","1f4f8c3434ec3693","0"
"Onyx Mage","Magic 2012","a1dca7384ae1d43e","0"
"Overrun","Magic 2012","5bb13f10598a4f35","0"
"Pacifism","Magic 2012","8f4a8b861dc65acb","0"
"Pentavus","Magic 2012","7f2b01d5d0e36c1a","0"
"Peregrine Griffin","Magic 2012","1331e5454e2ddb66","0"
"Personal Sanctuary","Magic 2012","2160c9dea69faa8d","0"
"Phantasmal Bear","Magic 2012","e15185e92c719e5d","0"
"Phantasmal Dragon","Magic 2012","2ba5246fe65ac968","0"
"Phantasmal Image","Magic 2012","7391ddbf48260969","0"
"Plains (1)","Magic 2012","f1cfba424fac00cb","0"
"Plains (2)","Magic 2012","3b3d7b314ea14e82","0"
"Plains (3)","Magic 2012","e1a13dc6469c94f9","0"
"Plains (4)","Magic 2012","29a968b86c63578f","0"
"Plummet","Magic 2012","b1636cdd4a4d945a","0"
"Ponder","Magic 2012","4bccb0b7d2aa4f21","0"
"Pride Guardian","Magic 2012","a363c9e919999cd1","0"
"Primeval Titan","Magic 2012","4963735b93a6a589","0"
"Primordial Hydra","Magic 2012","c99511939cd0c6fb","0"
"Quicksilver Amulet","Magic 2012","4762d278e65cad62","0"
"Rampant Growth","Magic 2012","296dc6b3b31d4472","0"
"Reassembling Skeleton","Magic 2012","0767f09a9e85c8d9","0"
"Reclaim","Magic 2012","3be9069ac667cc32","0"
"Redirect","Magic 2012","ed2592da9615515e","0"
"Reverberate","Magic 2012","a5186e3ca4cb93d9","0"
"Rites of Flourishing","Magic 2012","891758b97065dc9d","0"
"Roc Egg","Magic 2012","810145f6f8eaafa3","0"
"Rootbound Crag","Magic 2012","c51fda612fdf8408","0"
"Royal Assassin","Magic 2012","3d85934fb3a1097c","0"
"Rune-Scarred Demon","Magic 2012","2f102fd1b64e872b","0"
"Runeclaw Bear","Magic 2012","edc9b3f1433c18c2","0"
"Rusted Sentinel","Magic 2012","7743c83cb6a5dcc0","0"
"Sacred Wolf","Magic 2012","e3f7262d1918353a","0"
"Scepter of Empires","Magic 2012","e9c78c61c7904f6c","0"
"Scrambleverse","Magic 2012","ad72ba7e064856c5","0"
"Sengir Vampire","Magic 2012","5bc824b23f4478cf","0"
"Serra Angel","Magic 2012","61837b375e600f1e","0"
"Shock","Magic 2012","07a9b9d9d5e4512c","0"
"Siege Mastodon","Magic 2012","17d3690c936a69ad","0"
"Skinshifter","Magic 2012","a5ad3840959dc3e7","0"
"Skywinder Drake","Magic 2012","59fbf2ead4c40231","0"
"Slaughter Cry","Magic 2012","e9c3d12945ae3555","0"
"Smallpox","Magic 2012","554b6cb5999195a6","0"
"Solemn Simulacrum","Magic 2012","43589ce9a4a7c679","0"
"Sorin Markov","Magic 2012","b51a3dd3998d844b","0"
"Sorin's Thirst","Magic 2012","553d62936ac4ba5c","0"
"Sorin's Vengeance","Magic 2012","4d1916b72d2f3e0c","0"
"Sphinx of Uthuun","Magic 2012","69eda0b346b1780f","0"
"Spirit Mantle","Magic 2012","a97bc94c9866a666","0"
"Stampeding Rhino","Magic 2012","c7439316bbb62949","0"
"Stave Off","Magic 2012","e72509f23999cc39","0"
"Stingerfling Spider","Magic 2012","6b73711cce8c466c","0"
"Stonehorn Dignitary","Magic 2012","89ad85a5fa5a641b","0"
"Stormblood Berserker","Magic 2012","d78bc8c44763b89c","0"
"Stormfront Pegasus","Magic 2012","d51a27b8a16c6d5a","0"
"Sun Titan","Magic 2012","0dd349f93249ec27","0"
"Sundial of the Infinite","Magic 2012","d527af436562f111","0"
"Sunpetal Grove","Magic 2012","d97dde43a4030bb4","0"
"Sutured Ghoul","Magic 2012","d9e9f9b742c05425","0"
"Swamp (1)","Magic 2012","29c152ee7629d2bc","0"
"Swamp (2)","Magic 2012","49e4163806e7fa4f","0"
"Swamp (3)","Magic 2012","1b7d46c2e42d331d","0"
"Swamp (4)","Magic 2012","c363b41c13369f63","0"
"Swiftfoot Boots","Magic 2012","c5c4363c8ec9c71e","0"
"Taste of Blood","Magic 2012","13d2e44e9fa7c309","0"
"Tectonic Rift","Magic 2012","8323ce4e1b37e48d","0"
"Thran Golem","Magic 2012","1fcf0543761725b1","0"
"Throne of Empires","Magic 2012","4b43704f4bb81f47","0"
"Time Reversal","Magic 2012","418e61f9d82a1e5f","0"
"Timely Reinforcements","Magic 2012","39b58d532ec30d93","0"
"Titanic Growth","Magic 2012","4fdf919296b06865","0"
"Tormented Soul","Magic 2012","813ec81ced87b6e1","0"
"Trollhide","Magic 2012","25f139cb521c0ee7","0"
"Turn to Frog","Magic 2012","9bbcecc8c3e0b8c8","0"
"Unsummon","Magic 2012","2dd1dea44995618f","0"
"Vampire Outcasts","Magic 2012","b347b1d862166a7c","0"
"Vastwood Gorger","Magic 2012","91f5d46dee0c1986","0"
"Vengeful Pharaoh","Magic 2012","d555566266999a66","0"
"Visions of Beyond","Magic 2012","539948e9a7b2d174","0"
"Volcanic Dragon","Magic 2012","6db6924829b5d672","0"
"Wall of Torches","Magic 2012","d96db2923cf4460b","0"
"Warpath Ghoul","Magic 2012","d70178e5ee19299c","0"
"Warstorm Surge","Magic 2012","db8508bafa26e5c4","0"
"Worldslayer","Magic 2012","c9e7d61925486ccb","0"
"Wring Flesh","Magic 2012","5fc72918fca28317","0"
"Wurm's Tooth","Magic 2012","21b93b0e4dccb333","0"
"Zombie Goliath","Magic 2012","6f45d6be2c1f0443","0"
"Zombie Infestation","Magic 2012","1f3f8b035193ec2c","0"
"Acidic Slime","Magic 2013","bf280a4046b7e78f","0"
"Ajani's Sunstriker","Magic 2013","83b5e52c3ada5272","0"
"Ajani, Caller of the Pride","Magic 2013","2d3e25554320bfe3","0"
"Akroma's Memorial","Magic 2013","496bbbd6461d8c2c","0"
"Angel's Mercy","Magic 2013","9dc3740fd03b0be4","0"
"Angelic Benediction","Magic 2013","d1913449da35d967","0"
"Arbor Elf","Magic 2013","334b96b46c4297ae","0"
"Archaeomancer","Magic 2013","f5baa114f8d20537","0"
"Arctic Aven","Magic 2013","279293ab8c516cfc","0"
"Arms Dealer","Magic 2013","29b278429a3ad9be","0"
"Attended Knight","Magic 2013","6153b371c902b6ed","0"
"Augur of Bolas","Magic 2013","9b92a322e3367b0e","0"
"Aven Squire","Magic 2013","c9d062c7e6e0ce4b","0"
"Battle of Wits","Magic 2013","49cbf1b83b87161c","0"
"Battleflight Eagle","Magic 2013","cd8f0d3cb289353c","0"
"Bladetusk Boar","Magic 2013","e7d4a07a38d52a74","0"
"Blood Reckoning","Magic 2013","99370499ae5b962b","0"
"Bloodhunter Bat","Magic 2013","259a926d94136df6","0"
"Bloodthrone Vampire","Magic 2013","5f4f2686129c34b7","0"
"Bond Beetle","Magic 2013","4f5b6b652e4194b8","0"
"Boundless Realms","Magic 2013","733388c5b8ccce9c","0"
"Bountiful Harvest","Magic 2013","e9218eeeb0b01cf9","0"
"Canyon Minotaur","Magic 2013","f1a30b5e25736698","0"
"Captain of the Watch","Magic 2013","97bb4c483d2de588","0"
"Captain's Call","Magic 2013","5d3f17c865b4450e","0"
"Cathedral of War","Magic 2013","835ce4981ef1e6c3","0"
"Centaur Courser","Magic 2013","cbcb78f2a64819b1","0"
"Chandra's Fury","Magic 2013","63376271b0b98e4d","0"
"Chandra, the Firebrand","Magic 2013","2fc0f0bd3e4293d8","0"
"Chronomaton","Magic 2013","fb69185a1b31b1c3","0"
"Cleaver Riot","Magic 2013","03fdc36bcb098378","0"
"Clock of Omens","Magic 2013","bf524824807f3fe8","0"
"Clone","Magic 2013","3dc96303cf4e07d2","0"
"Courtly Provocateur","Magic 2013","27258c9c8aee5ed2","0"
"Cower in Fear","Magic 2013","61e3f2e4da1b9c44","0"
"Craterize","Magic 2013","5997c44972a6dd2a","0"
"Crimson Muckwader","Magic 2013","d969b6b3436c7085","0"
"Crippling Blight","Magic 2013","c77c18f266996561","0"
"Crusader of Odric","Magic 2013","25654a23dcdc71b5","0"
"Dark Favor","Magic 2013","b778a6c698dd8960","0"
"Deadly Recluse","Magic 2013","33dc1e8b64b4d46a","0"
"Diabolic Revelation","Magic 2013","5fc3909ce991c2c7","0"
"Disciple of Bolas","Magic 2013","2beb6113de361616","0"
"Disentomb","Magic 2013","4b29bc1b8896c9ed","0"
"Divination","Magic 2013","21c6ca397e87c633","0"
"Divine Favor","Magic 2013","99e21a9da762494f","0"
"Divine Verdict","Magic 2013","63cb3acb6532d612","0"
"Door to Nothingness","Magic 2013","67dc1174644c4ff1","0"
"Downpour","Magic 2013","a1e27cb13b5c11bc","0"
"Dragon Hatchling","Magic 2013","6dd0d6629907ecb4","0"
"Dragonskull Summit","Magic 2013","9f217855a85b9971","0"
"Drowned Catacomb","Magic 2013","e3653ee6583c0c8b","0"
"Duress","Magic 2013","d99b6686864bb362","0"
"Duskdale Wurm","Magic 2013","232c68739c66f19d","0"
"Duskmantle Prowler","Magic 2013","276518ce699bb629","0"
"Duty-Bound Dead","Magic 2013","bfb5d15848e82317","0"
"Elderscale Wurm","Magic 2013","833598892e5e63dd","0"
"Elixir of Immortality","Magic 2013","2d19ede4ca25531b","0"
"Elvish Archdruid","Magic 2013","4d8b5bdbd6742406","0"
"Elvish Visionary","Magic 2013","6349f99099f1847d","0"
"Encrust","Magic 2013","6373a1d85c6b34a6","0"
"Erase","Magic 2013","897531adb6e93289","0"
"Essence Drain","Magic 2013","83c79c7cd8b16354","0"
"Essence Scatter","Magic 2013","d7297ba1d8a8691a","0"
"Evolving Wilds","Magic 2013","0187d621c56ea7dd","0"
"Faerie Invaders","Magic 2013","835b7c87ca07bae0","0"
"Faith's Reward","Magic 2013","e369d80bbe86a531","0"
"Farseek","Magic 2013","25a5989ccd6bd13c","0"
"Fervor","Magic 2013","37833925177b27a1","0"
"Fire Elemental","Magic 2013","e9ad9c1e2861eb49","0"
"Firewing Phoenix","Magic 2013","c1357cdb06e4eb06","0"
"Flames of the Firebrand","Magic 2013","a983d2e4664b917e","0"
"Flinthoof Boar","Magic 2013","a7074f4b6f937044","0"
"Fog Bank","Magic 2013","c1e136965a7a06cf","0"
"Fog","Magic 2013","0b53f49f9c81a6a9","0"
"Forest (1)","Magic 2013","436e929ef9e19306","0"
"Forest (2)","Magic 2013","93a3666ebc98bc0c","0"
"Forest (3)","Magic 2013","b79748484e93919f","0"
"Forest (4)","Magic 2013","63f60c1c34fbe305","0"
"Fungal Sprouting","Magic 2013","631316c72e79393a","0"
"Furnace Whelp","Magic 2013","6b2f1899a7f4584c","0"
"Garruk's Packleader","Magic 2013","d9af27b3c04ce0a6","0"
"Garruk, Primal Hunter","Magic 2013","4d5b09b9b62c4b27","0"
"Gem of Becoming","Magic 2013","0b4b4fe6e0f3301b","0"
"Giant Scorpion","Magic 2013","d51593a88d2d6973","0"
"Gilded Lotus","Magic 2013","0dd2cb6235646cbe","0"
"Glacial Fortress","Magic 2013","33627468f8796273","0"
"Glorious Charge","Magic 2013","6d81d358303ef6c6","0"
"Goblin Arsonist","Magic 2013","3d65a8fec0a0a5b5","0"
"Goblin Battle Jester","Magic 2013","7fff708311698407","0"
"Griffin Protector","Magic 2013","63dc9553436b2d85","0"
"Ground Seal","Magic 2013","0bb1e3ebe44384e3","0"
"Guardian Lions","Magic 2013","5b4d33b82d279591","0"
"Guardians of Akrasa","Magic 2013","6ff78018e5f2488d","0"
"Hamletback Goliath","Magic 2013","fd0d8b93632b144d","0"
"Harbor Bandit","Magic 2013","87f8e7c2568ce151","0"
"Harbor Serpent","Magic 2013","ffac6653820d492d","0"
"Healer of the Pride","Magic 2013","67078043cbf08dbf","0"
"Hellion Crucible","Magic 2013","2b3f3f01a8544fa6","0"
"Hydrosurge","Magic 2013","0f1e1c78b193e27c","0"
"Index","Magic 2013","4d6d06d77972c289","0"
"Intrepid Hero","Magic 2013","b73d1319e8191ec9","0"
"Island (1)","Magic 2013","1f0fe7f10001babb","0"
"Island (2)","Magic 2013","f36f2495523aab11","0"
"Island (3)","Magic 2013","c155f8a932b96a0f","0"
"Island (4)","Magic 2013","d74868b35c5ab1ca","0"
"Jace's Phantasm","Magic 2013","e32be42c7c98f829","0"
"Jace, Memory Adept","Magic 2013","a51dec6b50c36b43","0"
"Jayemdae Tome","Magic 2013","290be2e9e29f589c","0"
"Kindled Fury","Magic 2013","995b263e4c87434f","0"
"Kitesail","Magic 2013","f5c493d84963f849","0"
"Knight of Glory","Magic 2013","2191bc3d9cd88bda","0"
"Knight of Infamy","Magic 2013","b777230b4958d88d","0"
"Kraken Hatchling","Magic 2013","25a1cadf5291bed0","0"
"Krenko's Command","Magic 2013","d9886d51e433d26d","0"
"Krenko, Mob Boss","Magic 2013","3f0fc0d8336694ce","0"
"Liliana of the Dark Realms","Magic 2013","8358a7dac93666a9","0"
"Liliana's Shade","Magic 2013","c1c9b3b1ee455926","0"
"Magmaquake","Magic 2013","3331627dcc8dde82","0"
"Mark of Mutiny","Magic 2013","a9a99c32365a6ba9","0"
"Mark of the Vampire","Magic 2013","f581c2ae3a77b141","0"
"Master of the Pearl Trident","Magic 2013","6577b881c11f8c5d","0"
"Merfolk of the Pearl Trident","Magic 2013","6349b3cd7c3151e4","0"
"Mind Rot","Magic 2013","133372c7435a5b3c","0"
"Mind Sculpt","Magic 2013","83c37c380e7ac747","0"
"Mindclaw Shaman","Magic 2013","4f4837e3d0979866","0"
"Mogg Flunkies","Magic 2013","dd430336f5135a96","0"
"Mountain (1)","Magic 2013","d1496eb93a632399","0"
"Mountain (2)","Magic 2013","9d8b8d62f2f03c64","0"
"Mountain (3)","Magic 2013","b1c739c94b570535","0"
"Mountain (4)","Magic 2013","65cd49d9d9992d09","0"
"Murder","Magic 2013","d9d32e24d9c94636","0"
"Mutilate","Magic 2013","e3a3e3b33b199062","0"
"Mwonvuli Beast Tracker","Magic 2013","2f1fbf4a52934485","0"
"Naturalize","Magic 2013","2d4a56b5a6a6656a","0"
"Nefarox, Overlord of Grixis","Magic 2013","67cb8c8273695995","0"
"Negate","Magic 2013","25e5fa9e59469a81","0"
"Nicol Bolas, Planeswalker","Magic 2013","c3742fc6b418c3b3","0"
"Oblivion Ring","Magic 2013","5f4f8c3430ec3693","0"
"Odric, Master Tactician","Magic 2013","bdcf03916d32cc23","0"
"Omniscience","Magic 2013","718b86bd421b0fea","0"
"Pacifism","Magic 2013","0f4ac3861dc6dacb","0"
"Phylactery Lich","Magic 2013","ed4562b1503dbc1b","0"
"Phyrexian Hulk","Magic 2013","a58dbd4a75a29899","0"
"Pillarfield Ox","Magic 2013","975b68a5dc61a638","0"
"Plains (1)","Magic 2013","99b3dc46764c9ca4","0"
"Plains (2)","Magic 2013","8567a198f36c43bc","0"
"Plains (3)","Magic 2013","d3936f1d6a61a40e","0"
"Plains (4)","Magic 2013","29a96e286867574f","0"
"Planar Cleansing","Magic 2013","03032298f467fff4","0"
"Plummet","Magic 2013","b1634cdd5a4d945c","0"
"Predatory Rampage","Magic 2013","9f76c08376b9c468","0"
"Prey Upon","Magic 2013","1b878e5b05d51bc9","0"
"Primal Clay","Magic 2013","c74f0ce1fc5a1ca2","0"
"Primal Huntbeast","Magic 2013","99e98937e4813ed1","0"
"Primordial Hydra","Magic 2013","c9851193dcd0c6fb","0"
"Prized Elephant","Magic 2013","0bf3d11f6cc4e603","0"
"Public Execution","Magic 2013","e3f1561f58532325","0"
"Quirion Dryad","Magic 2013","25c5cb611bbea4e8","0"
"Rain of Blades","Magic 2013","091dfed2589684fa","0"
"Rancor","Magic 2013","a5bc3e01dcae835c","0"
"Ranger's Path","Magic 2013","e9d8987dc13a03d3","0"
"Ravenous Rats","Magic 2013","6336cae7f01ea780","0"
"Reckless Brute","Magic 2013","e7f323f1832db840","0"
"Redirect","Magic 2013","ad25d2da9614595e","0"
"Reliquary Tower","Magic 2013","8fe2f0cdc1e221b6","0"
"Reverberate","Magic 2013","a5186e3ca4cb93d9","0"
"Revive","Magic 2013","b3b90c4e1a18e5fc","0"
"Rewind","Magic 2013","973f835de90acaa0","0"
"Rhox Faithmender","Magic 2013","b1799165618d4773","0"
"Ring of Evos Isle","Magic 2013","dbd1841ae9c23bca","0"
"Ring of Kalonia","Magic 2013","0d4ae9d87aad852b","0"
"Ring of Thune","Magic 2013","8b23ccd64e68e974","0"
"Ring of Valkas","Magic 2013","b3c963c433567c70","0"
"Ring of Xathrid","Magic 2013","93ae7c5a9683096d","0"
"Rise from the Grave","Magic 2013","995b36a4d909b4d6","0"
"Roaring Primadox","Magic 2013","c3c307147b6c3f38","0"
"Rootbound Crag","Magic 2013","a71fda612ddf8408","0"
"Rummaging Goblin","Magic 2013","7d89b4344ac83bce","0"
"Safe Passage","Magic 2013","d588bce7200fd1b9","0"
"Sands of Delirium","Magic 2013","6b23b70666793919","0"
"Scroll Thief","Magic 2013","ad2d4e4252b692db","0"
"Searing Spear","Magic 2013","534bf4acf83922a6","0"
"Sentinel Spider","Magic 2013","9dd60b86a3a2d7c1","0"
"Serpent's Gift","Magic 2013","a30efc522cd12eb5","0"
"Serra Angel","Magic 2013","61837b37de600d1e","0"
"Serra Avatar","Magic 2013","a3b3b89c586c13d9","0"
"Serra Avenger","Magic 2013","8390c3db78e1d56c","0"
"Servant of Nefarox","Magic 2013","0f7759e49e981853","0"
"Shimian Specter","Magic 2013","a798cf35994b107c","0"
"Show of Valor","Magic 2013","6d06698662a8efd9","0"
"Sign in Blood","Magic 2013","4bdce52666339299","0"
"Silklash Spider","Magic 2013","3765c9905e3d3919","0"
"Silvercoat Lion","Magic 2013","234bc385556d9747","0"
"Sleep","Magic 2013","13e66c17b641e378","0"
"Slumbering Dragon","Magic 2013","e3492ccc63e33c1e","0"
"Smelt","Magic 2013","c727660c19b67729","0"
"Spelltwine","Magic 2013","1339f24764ce991b","0"
"Sphinx of Uthuun","Magic 2013","69eda0b346b13c0f","0"
"Spiked Baloth","Magic 2013","cb5b43213d273687","0"
"Staff of Nin","Magic 2013","591b719686c39973","0"
"Stormtide Leviathan","Magic 2013","b9552ae919b66386","0"
"Stuffy Doll","Magic 2013","4b99a349b233cc73","0"
"Sublime Archangel","Magic 2013","e9273e3cd0981c3b","0"
"Sunpetal Grove","Magic 2013","d97d764ba5070994","0"
"Swamp (1)","Magic 2013","6939aa374d5ab285","0"
"Swamp (2)","Magic 2013","f9f3c74c1631c1a2","0"
"Swamp (3)","Magic 2013","29c152ee3669d2bc","0"
"Swamp (4)","Magic 2013","1b7dc6c2e429331d","0"
"Switcheroo","Magic 2013","99b98a06ef76211d","0"
"Talrand's Invocation","Magic 2013","af35e7491cf20991","0"
"Talrand, Sky Summoner","Magic 2013","21b50b6361ddc3ec","0"
"Thragtusk","Magic 2013","074fc313b287347b","0"
"Thundermaw Hellkite","Magic 2013","a95ad834cec355b8","0"
"Timberpack Wolf","Magic 2013","670f1fc2d070e1bc","0"
"Titanic Growth","Magic 2013","4fdf919296b06865","0"
"Torch Fiend","Magic 2013","4f01b3df7121b392","0"
"Tormented Soul","Magic 2013","813ec81ced87b6e1","0"
"Tormod's Crypt","Magic 2013","e31ec0738c167ea6","0"
"Touch of the Eternal","Magic 2013","218306c3df6cbcf8","0"
"Trading Post","Magic 2013","296d442df26bb638","0"
"Tricks of the Trade","Magic 2013","3f48e6133ea48f19","0"
"Trumpet Blast","Magic 2013","03923ed8972d3ce9","0"
"Turn to Slag","Magic 2013","93c5c626ee8e7262","0"
"Unsummon","Magic 2013","add1dea44995610f","0"
"Vampire Nighthawk","Magic 2013","6333cccdb48139b3","0"
"Vampire Nocturnus","Magic 2013","690949d99ef99a83","0"
"Vastwood Gorger","Magic 2013","99f5c469ee0c19a6","0"
"Vedalken Entrancer","Magic 2013","adc3932912166df6","0"
"Veilborn Ghoul","Magic 2013","17fcc3310c60fc73","0"
"Vile Rebirth","Magic 2013","d91c266cc3dccba4","0"
"Void Stalker","Magic 2013","2918ce96d64dc6e5","0"
"Volcanic Geyser","Magic 2013","3b29d85b508ea2de","0"
"Volcanic Strength","Magic 2013","23715bd9ab28cb46","0"
"Walking Corpse","Magic 2013","e77f10cb9823f841","0"
"Wall of Fire","Magic 2013","996c9ecb8212e17b","0"
"War Falcon","Magic 2013","ef7b1205d4a46e43","0"
"War Priest of Thune","Magic 2013","4fdb233192923d6c","0"
"Warclamp Mastiff","Magic 2013","470f3971c39b3391","0"
"Watercourser","Magic 2013","238bdc30e70b3acd","0"
"Welkin Tern","Magic 2013","09eaa794bb3461e3","0"
"Wild Guess","Magic 2013","a7077879d3d890c6","0"
"Wind Drake","Magic 2013","bf0618f3e40e8733","0"
"Wit's End","Magic 2013","699f926545973869","0"
"Worldfire","Magic 2013","5f9d81010f7bf2c2","0"
"Xathrid Gorgon","Magic 2013","e3637e682cdcc843","0"
"Yeva's Forcemage","Magic 2013","4d6149d6d7c36a2a","0"
"Yeva, Nature's Herald","Magic 2013","2309697bf91c23ad","0"
"Zombie Goliath","Magic 2013","6f4596be2c1f0463","0"
"Academy Raider","Magic 2014","2d72f1319f015cec","0"
"Accorder's Shield","Magic 2014","631b2e96e9b49568","0"
"Accursed Spirit","Magic 2014","536baca8d411736e","0"
"Act of Treason","Magic 2014","85693a97b93a91c9","0"
"Advocate of the Beast","Magic 2014","e3a3ce4eec12189b","0"
"Air Servant","Magic 2014","d18b2e5479c61af1","0"
"Ajani's Chosen","Magic 2014","27c860b95f95b29a","0"
"Ajani, Caller of the Pride","Magic 2014","2d3e65754320ade3","0"
"Altar's Reap","Magic 2014","c313b88b64ccd3f4","0"
"Angelic Accord","Magic 2014","8b9b390c1b157e65","0"
"Angelic Wall","Magic 2014","c96b4eb6cd402fa4","0"
"Archaeomancer","Magic 2014","f5ba8514f8d20537","0"
"Archangel of Thune","Magic 2014","d5516981969d6576","0"
"Armored Cancrix","Magic 2014","9b8fb17c20304de7","0"
"Artificer's Hex","Magic 2014","aba12f02f95b4137","0"
"Auramancer","Magic 2014","41f5fab9182f412e","0"
"Awaken the Ancient","Magic 2014","b33378c8444c736f","0"
"Banisher Priest","Magic 2014","0b93cbe9f20ccc99","0"
"Barrage of Expendables","Magic 2014","c5cd0a18dc753d69","0"
"Battle Sliver","Magic 2014","0f1f706b2f40b8f8","0"
"Blessing","Magic 2014","0fe362599b21e4ce","0"
"Blightcaster","Magic 2014","0be1e4fe303dc88b","0"
"Blood Bairn","Magic 2014","89e3761c597a1785","0"
"Blur Sliver","Magic 2014","e58d131bf372e007","0"
"Bogbrew Witch","Magic 2014","95c02a7a05fbca6e","0"
"Bonescythe Sliver","Magic 2014","03816de1b9b7b61c","0"
"Bramblecrush","Magic 2014","59d9cca6e6a6ae02","0"
"Brave the Elements","Magic 2014","e11167f41c39b39c","0"
"Briarpack Alpha","Magic 2014","cfe11130b251eccf","0"
"Brindle Boar","Magic 2014","0f0f4f43e1637992","0"
"Bubbling Cauldron","Magic 2014","610d5f569329a9e3","0"
"Burning Earth","Magic 2014","65ebba9cac266a60","0"
"Cancel","Magic 2014","179fabaa2205656d","0"
"Canyon Minotaur","Magic 2014","f1a30b5e25736299","0"
"Capashen Knight","Magic 2014","cbcbd316123f8ce0","0"
"Celestial Flare","Magic 2014","e3a31958c893f636","0"
"Chandra's Outrage","Magic 2014","13185727f35aaea1","0"
"Chandra's Phoenix","Magic 2014","a1a47697dc6270bc","0"
"Chandra, Pyromaster","Magic 2014","250f8cf1c84d2b7b","0"
"Charging Griffin","Magic 2014","4f4f0cb6b3081773","0"
"Child of Night","Magic 2014","3d5bbdd0a0d2828f","0"
"Claustrophobia","Magic 2014","4b99eca7c8593a32","0"
"Clone","Magic 2014","3dc96303cf4e07d2","0"
"Colossal Whale","Magic 2014","3d8421fd520bf65a","0"
"Congregate","Magic 2014","1942972fdba7dc80","0"
"Coral Merfolk","Magic 2014","cde2f9141de608b6","0"
"Corpse Hauler","Magic 2014","957bd176b40426e5","0"
"Corrupt","Magic 2014","655eb2cd42a37949","0"
"Cyclops Tyrant","Magic 2014","ad818dd183c9f3b1","0"
"Dark Favor","Magic 2014","b358a6c698fd8968","0"
"Dark Prophecy","Magic 2014","63d89ee307bcc033","0"
"Darksteel Forge","Magic 2014","4dcdc2b365ca32cc","0"
"Darksteel Ingot","Magic 2014","eb93183fba49868c","0"
"Dawnstrike Paladin","Magic 2014","73c34ecc389cc978","0"
"Deadly Recluse","Magic 2014","33dc9e8b6494d46a","0"
"Deathgaze Cockatrice","Magic 2014","373213ce8379c4b5","0"
"Demolish","Magic 2014","a3e458136cd331e7","0"
"Devout Invocation","Magic 2014","a7d38d4e4035b6c3","0"
"Diabolic Tutor","Magic 2014","63169ee129eef818","0"
"Dismiss into Dream","Magic 2014","433638db66619b27","0"
"Disperse","Magic 2014","0915e289fcfa38e6","0"
"Divination","Magic 2014","21c6ca795e87c633","0"
"Divine Favor","Magic 2014","99e09a9da760694f","0"
"Domestication","Magic 2014","e533e0f8851d1e4e","0"
"Doom Blade","Magic 2014","b593ca6f9ccce201","0"
"Door of Destinies","Magic 2014","61e998b93985ee8c","0"
"Dragon Egg","Magic 2014","61339ec64ee998a6","0"
"Dragon Hatchling","Magic 2014","6dd0d6629947acb4","0"
"Duress","Magic 2014","d99b2686a669b362","0"
"Elite Arcanist","Magic 2014","ef595ad7b4601e20","0"
"Elixir of Immortality","Magic 2014","2539ede4d225531b","0"
"Elvish Mystic","Magic 2014","99b15bc66303f643","0"
"Encroaching Wastes","Magic 2014","33c3c7cc9d7d2424","0"
"Enlarge","Magic 2014","8bcff111199da742","0"
"Essence Scatter","Magic 2014","d3297be1d8a8691a","0"
"Festering Newt","Magic 2014","b19d0a2f66511e8f","0"
"Fiendslayer Paladin","Magic 2014","0fb069cd76a638ac","0"
"Fireshrieker","Magic 2014","cd15165ac6693da6","0"
"Flames of the Firebrand","Magic 2014","8983d2e4e64b957c","0"
"Fleshpulper Giant","Magic 2014","85fdf14779598016","0"
"Fog","Magic 2014","8353f49f9c81a6a9","0"
"Forest (1)","Magic 2014","636e929ef9c19306","0"
"Forest (2)","Magic 2014","93a3666e9c98bc2c","0"
"Forest (3)","Magic 2014","21358cceb633ca7a","0"
"Forest (4)","Magic 2014","6949b5b558d2936a","0"
"Fortify","Magic 2014","a5774b2f964ca690","0"
"Frost Breath","Magic 2014","191ba5d794d9332a","0"
"Galerider Sliver","Magic 2014","a1d24e29327556ee","0"
"Garruk's Horde","Magic 2014","dd0daba23793134c","0"
"Garruk, Caller of Beasts","Magic 2014","2fb7464aa58583e3","0"
"Giant Growth","Magic 2014","15ab99dce20ffc04","0"
"Giant Spider","Magic 2014","3d41cbb13bccd611","0"
"Gladecover Scout","Magic 2014","e3233cfac7869071","0"
"Glimpse the Future","Magic 2014","893cfc4746c1ac3d","0"
"Gnawing Zombie","Magic 2014","49099393e7af63a4","0"
"Goblin Diplomats","Magic 2014","1ffd680785ba13c8","0"
"Goblin Shortcutter","Magic 2014","f94d6d838d92cb0c","0"
"Griffin Sentinel","Magic 2014","959c286356bcb1f2","0"
"Grim Return","Magic 2014","8bc332531f4fcd0a","0"
"Groundshaker Sliver","Magic 2014","0db678abe946a8e4","0"
"Guardian of the Ages","Magic 2014","333766981d3d8e8a","0"
"Haunted Plate Mail","Magic 2014","63670e3bf3e4c1c0","0"
"Hive Stirrings","Magic 2014","6d92a624d972c4e7","0"
"Howl of the Night Pack","Magic 2014","c3701c8f09f0cfc7","0"
"Hunt the Weak","Magic 2014","6361593875938e9b","0"
"Illusionary Armor","Magic 2014","231992376c489dfb","0"
"Imposing Sovereign","Magic 2014","eb6b0b536126968e","0"
"Indestructibility","Magic 2014","17b07ccfc3389a0e","0"
"Into the Wilds","Magic 2014","2727764a32d5ca56","0"
"Island (1)","Magic 2014","f36f2c95523aab01","0"
"Island (2)","Magic 2014","c155f8a932b96a0f","0"
"Island (3)","Magic 2014","435faca033ecec1c","0"
"Island (4)","Magic 2014","71d30b8f2f0e292d","0"
"Jace's Mindseeker","Magic 2014","a35942e2697af44d","0"
"Jace, Memory Adept","Magic 2014","a51dec6b50c36b43","0"
"Kalonian Hydra","Magic 2014","cf8d6174a2931b3a","0"
"Kalonian Tusker","Magic 2014","696b07138fc3c68d","0"
"Lava Axe","Magic 2014","95a5e9f89b110f19","0"
"Lay of the Land","Magic 2014","9120291f31dda5f7","0"
"Lifebane Zombie","Magic 2014","37afed23cb4d1810","0"
"Lightning Talons","Magic 2014","7b27a4e7430f8f01","0"
"Liliana of the Dark Realms","Magic 2014","8358a7dac9766689","0"
"Liliana's Reaver","Magic 2014","d78942359d793296","0"
"Liturgy of Blood","Magic 2014","030367e59d9d6d45","0"
"Manaweft Sliver","Magic 2014","4bedf5305e841e1c","0"
"Marauding Maulhorn","Magic 2014","2dec86ce4939e543","0"
"Mark of the Vampire","Magic 2014","b581e2ae3a77b141","0"
"Master of Diversion","Magic 2014","9db5334780f9d113","0"
"Megantic Sliver","Magic 2014","4b9913e9c0f31ccb","0"
"Merfolk Spy","Magic 2014","f3ef70182c279853","0"
"Messenger Drake","Magic 2014","f5234b1dcb19984b","0"
"Millstone","Magic 2014","3d6d129323d4e6c9","0"
"Mind Rot","Magic 2014","133372c7635a5b34","0"
"Mindsparker","Magic 2014","73e3c3e11a3a1d62","0"
"Minotaur Abomination","Magic 2014","a7a0258d96e7cb46","0"
"Molten Birth","Magic 2014","2da1f05354cf7934","0"
"Mountain (1)","Magic 2014","d1494eb93a63a399","0"
"Mountain (2)","Magic 2014","034b7cf49491f8ec","0"
"Mountain (3)","Magic 2014","31e739cb4a570535","0"
"Mountain (4)","Magic 2014","a931c646079e79ad","0"
"Mutavault","Magic 2014","392672d978e6b864","0"
"Naturalize","Magic 2014","014b092fc3cd6b7e","0"
"Negate","Magic 2014","27e5fa9e59449a81","0"
"Nephalia Seakite","Magic 2014","733eb9c9a01359a6","0"
"Nightmare","Magic 2014","234f9edc66192366","0"
"Nightwing Shade","Magic 2014","114e69f35a395e8c","0"
"Oath of the Ancient Wood","Magic 2014","3d19484b7b676ce0","0"
"Ogre Battledriver","Magic 2014","9501f8f58e3c4bd4","0"
"Opportunity","Magic 2014","4949cca6b636b6b1","0"
"Pacifism","Magic 2014","8f4a83861dc6dacb","0"
"Path of Bravery","Magic 2014","67f77839e1c88087","0"
"Pay No Heed","Magic 2014","39e9c646870c3bb3","0"
"Phantom Warrior","Magic 2014","7573223c13f99946","0"
"Pillarfield Ox","Magic 2014","97db68a5dc61a628","0"
"Pitchburn Devils","Magic 2014","c93ac9de2409e5ab","0"
"Plains (1)","Magic 2014","99b35c56b64c9ca4","0"
"Plains (2)","Magic 2014","0bbf1462dc17db88","0"
"Plains (3)","Magic 2014","53936f9d6a61a40e","0"
"Plains (4)","Magic 2014","43b1853d668d8bb5","0"
"Planar Cleansing","Magic 2014","03032298f467fff4","0"
"Plummet","Magic 2014","b1636ccd5a4d945a","0"
"Predatory Sliver","Magic 2014","a38362f3db3805d3","0"
"Primeval Bounty","Magic 2014","03ac7091ff300ffc","0"
"Pyromancer's Gauntlet","Magic 2014","c51c785acb2de453","0"
"Quag Sickness","Magic 2014","49f2902c1cee63f3","0"
"Quicken","Magic 2014","3d0567f3c04e4ace","0"
"Ranger's Guile","Magic 2014","9f2b5bf4021a6a8b","0"
"Ratchet Bomb","Magic 2014","ff8000bee302f99e","0"
"Regathan Firecat","Magic 2014","37d892a69c77a03a","0"
"Ring of Three Wishes","Magic 2014","15d2a74c92b6e437","0"
"Rise of the Dark Realms","Magic 2014","bf734038e288877e","0"
"Rod of Ruin","Magic 2014","7db97867c690a470","0"
"Rootwalla","Magic 2014","190ec4f078fbe60d","0"
"Rumbling Baloth","Magic 2014","d5a9bc36464372d2","0"
"Sanguine Bond","Magic 2014","6b5b10b292bd3966","0"
"Savage Summoning","Magic 2014","ffef0909a1e3620c","0"
"Scavenging Ooze","Magic 2014","6979198fe4760659","0"
"Scourge of Valkas","Magic 2014","330f923249cfc5cd","0"
"Scroll Thief","Magic 2014","ad254e6252b692db","0"
"Seacoast Drake","Magic 2014","89b3294ddb239696","0"
"Seismic Stomp","Magic 2014","83cbe3d7524c6925","0"
"Sengir Vampire","Magic 2014","5bc826b2374478cf","0"
"Sensory Deprivation","Magic 2014","314f43f2f1a15b49","0"
"Sentinel Sliver","Magic 2014","1d1d61c6d26b29b5","0"
"Seraph of the Sword","Magic 2014","fdfd30023108f91f","0"
"Serra Angel","Magic 2014","61837b375e608d1e","0"
"Shadowborn Apostle","Magic 2014","431bd3418ca576e7","0"
"Shadowborn Demon","Magic 2014","71919c7c67ce1392","0"
"Shimmering Grotto","Magic 2014","69da9b2d29a9e452","0"
"Shiv's Embrace","Magic 2014","c33cc7e192de1293","0"
"Shivan Dragon","Magic 2014","e3765e31e38c384c","0"
"Shock","Magic 2014","87a9b959d5e4512c","0"
"Show of Valor","Magic 2014","2d06698662e8efd9","0"
"Shrivel","Magic 2014","93914f4e0e0fb91b","0"
"Siege Mastodon","Magic 2014","17d3690cd16a69ad","0"
"Silence","Magic 2014","b1b60c5af59a68a5","0"
"Sliver Construct","Magic 2014","e3943c61df314ce4","0"
"Smelt","Magic 2014","8727668c19b67729","0"
"Solemn Offering","Magic 2014","692973464fde2619","0"
"Soulmender","Magic 2014","99cd31b31603c7f2","0"
"Spell Blast","Magic 2014","5fb70141f1b06c2f","0"
"Sporemound","Magic 2014","932767899cd4641f","0"
"Staff of the Death Magus","Magic 2014","71ffae4d8c104a35","0"
"Staff of the Flame Magus","Magic 2014","21d8b44e371dd38b","0"
"Staff of the Mind Magus","Magic 2014","63e3336b0e33d152","0"
"Staff of the Sun Magus","Magic 2014","21eba561ba3a583e","0"
"Staff of the Wild Magus","Magic 2014","e9d3bc4c2414cf5c","0"
"Steelform Sliver","Magic 2014","37355f0d88d161da","0"
"Stonehorn Chanter","Magic 2014","25752536636bd334","0"
"Striking Sliver","Magic 2014","2935d829dc924f6d","0"
"Strionic Resonator","Magic 2014","314acc6c1312ffd5","0"
"Suntail Hawk","Magic 2014","675249acb493937c","0"
"Swamp (1)","Magic 2014","298152ee7669d2bc","0"
"Swamp (2)","Magic 2014","29b396564accd4cd","0"
"Swamp (3)","Magic 2014","0b7dc6c2e429331f","0"
"Swamp (4)","Magic 2014","39b69e4c21568cf9","0"
"Syphon Sliver","Magic 2014","3dc9c895c6cb9171","0"
"Tenacious Dead","Magic 2014","29f1d8ca4946e5d9","0"
"Thorncaster Sliver","Magic 2014","5dcf7929a791d801","0"
"Thunder Strike","Magic 2014","6371c0ff381c9333","0"
"Tidebinder Mage","Magic 2014","eb8974c686736a49","0"
"Time Ebb","Magic 2014","414af1b4db54be98","0"
"Tome Scour","Magic 2014","0dc7cce1f6cd220d","0"
"Trading Post","Magic 2014","296d542df26b3638","0"
"Trained Condor","Magic 2014","c527699907f33817","0"
"Traumatize","Magic 2014","696597258abe62d2","0"
"Trollhide","Magic 2014","27f139cb521c0ec7","0"
"Undead Minotaur","Magic 2014","39e2d82c1cde4f43","0"
"Vampire Warlord","Magic 2014","8999cde76c6e0a32","0"
"Vastwood Hydra","Magic 2014","a989eb715232b6a9","0"
"Verdant Haven","Magic 2014","79913bc48e9c2cb6","0"
"Vial of Poison","Magic 2014","09b478cf135393c7","0"
"Vile Rebirth","Magic 2014","d91c266cc3dccba4","0"
"Volcanic Geyser","Magic 2014","3b29d85b508ea2de","0"
"Voracious Wurm","Magic 2014","35515a6de9a5b528","0"
"Wall of Frost","Magic 2014","4bc0ac9bb06f6c69","0"
"Wall of Swords","Magic 2014","593927642ea6f256","0"
"Warden of Evos Isle","Magic 2014","b9a9a6356d62b426","0"
"Water Servant","Magic 2014","79d769069cc225ec","0"
"Wild Guess","Magic 2014","a7077879d3d890c6","0"
"Wild Ricochet","Magic 2014","091f37f2cc61988f","0"
"Windreader Sphinx","Magic 2014","4959b2de4eaca4b4","0"
"Windstorm","Magic 2014","5387a2793e3948b6","0"
"Witchstalker","Magic 2014","ed4949b9bcb4a426","0"
"Woodborn Behemoth","Magic 2014","a915d0c9cc7966e3","0"
"Wring Flesh","Magic 2014","5fd72918f8aa8316","0"
"Xathrid Necromancer","Magic 2014","8527d25a3f1f36c0","0"
"Young Pyromancer","Magic 2014","a1b9d4c366a6a92d","0"
"Zephyr Charge","Magic 2014","a7a493cb6423cd3c","0"
"Accursed Spirit","Magic 2015","536baca8d411736e","0"
"Act on Impulse","Magic 2015","137f47f182a73521","0"
"Aegis Angel","Magic 2015","8d9336e55a8ae23c","0"
"Aeronaut Tinkerer","Magic 2015","17cde665181ab935","0"
"AEtherspouts","Magic 2015","9b38e69a48bed207","0"
"Aggressive Mining","Magic 2015","313532cf2aabc8f1","0"
"Ajani Steadfast","Magic 2015","d3abe8846776344c","0"
"Ajani's Pridemate","Magic 2015","a373c3e390f0e338","0"
"Altac Bloodseeker","Magic 2015","1951f68a2f78b607","0"
"Amphin Pathmage","Magic 2015","c9b238362c6ec6cd","0"
"Ancient Silverback","Magic 2015","cd6539db36314952","0"
"Avacyn, Guardian Angel","Magic 2015","77a13313de097271","0"
"Avarice Amulet","Magic 2015","31898e9a32cedcd6","0"
"Back to Nature","Magic 2015","71733a368e664669","0"
"Battle Mastery","Magic 2015","b7993a2d7898c1ac","0"
"Battlefield Forge","Magic 2015","d32b74b3396193c4","0"
"Belligerent Sliver","Magic 2015","85e33a91e11a3e75","0"
"Black Cat","Magic 2015","8f1d38e3e286e466","0"
"Blastfire Bolt","Magic 2015","45458cbd5b6b2715","0"
"Blood Host","Magic 2015","831e7cc66119bec9","0"
"Boonweaver Giant","Magic 2015","2d1b67375392f026","0"
"Borderland Marauder","Magic 2015","c5c7e9ed1d529c80","0"
"Brawler's Plate","Magic 2015","31990a29f575c8e7","0"
"Bronze Sable","Magic 2015","21b3d2666b0d3daa","0"
"Brood Keeper","Magic 2015","410d9cb56b6666d3","0"
"Burning Anger","Magic 2015","a90d7c76569b186a","0"
"Cancel","Magic 2015","179fabaaa2076545","0"
"Carnivorous Moss-Beast","Magic 2015","b1f1a959298afe90","0"
"Carrion Crow","Magic 2015","c307ed98a33a5cc3","0"
"Caustic Tar","Magic 2015","07c373c7b03e073c","0"
"Caves of Koilos","Magic 2015","e9061eb7a969560d","0"
"Centaur Courser","Magic 2015","cbcb78f2a64819b1","0"
"Chandra, Pyromaster","Magic 2015","250f9cf1c84d2b75","0"
"Charging Rhino","Magic 2015","dd270f9192786b91","0"
"Chasm Skulker","Magic 2015","9f18c17c7422f4b3","0"
"Chief Engineer","Magic 2015","6b72d94c1c2db638","0"
"Child of Night","Magic 2015","7d53bdd0a0d6028f","0"
"Chord of Calling","Magic 2015","0d0dc1d3a3f9d817","0"
"Chronostutter","Magic 2015","a969f24343b4b91b","0"
"Circle of Flame","Magic 2015","d181d3e46bb40c5f","0"
"Clear a Path","Magic 2015","1feb0342fca9c13c","0"
"Cone of Flame","Magic 2015","993607d3e665d390","0"
"Congregate","Magic 2015","194a972fdb27dc80","0"
"Constricting Sliver","Magic 2015","6d0b20f2337b0eb3","0"
"Coral Barrier","Magic 2015","99866c9cba4953f4","0"
"Covenant of Blood","Magic 2015","b9913229539999db","0"
"Crippling Blight","Magic 2015","c77c18f266916565","0"
"Crowd's Favor","Magic 2015","7b978744c673c60c","0"
"Crucible of Fire","Magic 2015","29b5e45863285ecf","0"
"Cruel Sadist","Magic 2015","1d25fe79638b1909","0"
"Darksteel Citadel","Magic 2015","25c86538bc9cd8f9","0"
"Dauntless River Marshal","Magic 2015","a5626b9e91a5632d","0"
"Devouring Light","Magic 2015","7b218fcf3d12e0c4","0"
"Diffusion Sliver","Magic 2015","99664c2336c9ec57","0"
"Dissipate","Magic 2015","819ef0c0acf9783b","0"
"Divination","Magic 2015","21c6ca795e87c633","0"
"Divine Favor","Magic 2015","99c09a9da762694f","0"
"Divine Verdict","Magic 2015","63cb3acb6532d612","0"
"Elvish Mystic","Magic 2015","99b11be66303f661","0"
"Encrust","Magic 2015","6373a9d85e6b30a2","0"
"Endless Obedience","Magic 2015","719dc1421e3df5c8","0"
"Ensoul Artifact","Magic 2015","8343cb251dbb69d4","0"
"Ephemeral Shields","Magic 2015","11f8948d6be42b6e","0"
"Eternal Thirst","Magic 2015","0fe19280da4e0f7f","0"
"Evolving Wilds","Magic 2015","2187d621c56ea7d9","0"
"Feast on the Fallen","Magic 2015","7f478bab002c746e","0"
"Feral Incarnation","Magic 2015","0363a3d949ac93db","0"
"Festergloom","Magic 2015","a95b52b130f34aec","0"
"First Response","Magic 2015","6387ed0c05599f9c","0"
"Flesh to Dust","Magic 2015","b1316eac2c476a3e","0"
"Forest (1)","Magic 2015","991366ad1cc8acbb","0"
"Forest (2)","Magic 2015","93a3666ebc989c1c","0"
"Forest (3)","Magic 2015","b79748484e93919f","0"
"Forest (4)","Magic 2015","21350cceb633da7a","0"
"Forge Devil","Magic 2015","2db8c23296c2bdd3","0"
"Foundry Street Denizen","Magic 2015","c7c1094d49f36975","0"
"Frenzied Goblin","Magic 2015","73dc9c0c3766a44b","0"
"Frost Lynx","Magic 2015","09e8e6349a93ec4f","0"
"Fugitive Wizard","Magic 2015","a579e36d1991d18a","0"
"Furnace Whelp","Magic 2015","eb2f1899a3f4584c","0"
"Gargoyle Sentinel","Magic 2015","9dd9e0268ece5615","0"
"Garruk's Packleader","Magic 2015","d9ed27b3c045c0ae","0"
"Garruk, Apex Predator","Magic 2015","571c9957abf44154","0"
"Gather Courage","Magic 2015","37a78c68ca574cf0","0"
"Geist of the Moors","Magic 2015","3399cc66741c52bb","0"
"Generator Servant","Magic 2015","29adec6992e323d2","0"
"Genesis Hydra","Magic 2015","278f7814ba238eb9","0"
"Glacial Crasher","Magic 2015","a5cf193de6930e28","0"
"Goblin Kaboomist","Magic 2015","df8b6171e1b83312","0"
"Goblin Rabblemaster","Magic 2015","c590b9f80da4f7a8","0"
"Goblin Roughrider","Magic 2015","adab790647725919","0"
"Gravedigger","Magic 2015","49b1b2cccf3c2c96","0"
"Grindclock","Magic 2015","8d9defc22e478c18","0"
"Hammerhand","Magic 2015","c9da3379513e1c16","0"
"Haunted Plate Mail","Magic 2015","63671e3b73e4c1c0","0"
"Heat Ray","Magic 2015","c3db6ca95324a257","0"
"Heliod's Pilgrim","Magic 2015","8be2b030647dfb52","0"
"Hoarding Dragon","Magic 2015","7b34361316871dad","0"
"Hornet Nest","Magic 2015","ff27e1a771305310","0"
"Hornet Queen","Magic 2015","cb4b38cde4326a99","0"
"Hot Soup","Magic 2015","333363f81c9ce2c6","0"
"Hunt the Weak","Magic 2015","63655938f0919a9f","0"
"Hunter's Ambush","Magic 2015","73b4ce86433ce18e","0"
"Hushwing Gryff","Magic 2015","f10f72f0ecc1070f","0"
"Hydrosurge","Magic 2015","0f1f0c38b193e2fc","0"
"Illusory Angel","Magic 2015","19102e9d922ff4db","0"
"In Garruk's Wake","Magic 2015","352d19c9cdca117b","0"
"Indulgent Tormentor","Magic 2015","191999a9918d66fb","0"
"Inferno Fist","Magic 2015","a323c1f29acb6a6c","0"
"Inspired Charge","Magic 2015","5383d9f41867f312","0"
"Into the Void","Magic 2015","c953530c9cba76a3","0"
"Invasive Species","Magic 2015","41e1fa92746ae5f0","0"
"Invisibility","Magic 2015","3fd618a5cc5027a7","0"
"Island (1)","Magic 2015","c1d5f8a912395a4f","0"
"Island (2)","Magic 2015","2d5e3682d93ed2c8","0"
"Island (3)","Magic 2015","d74868b35c1ab9ca","0"
"Island (4)","Magic 2015","71d30b8d2f061bad","0"
"Jace's Ingenuity","Magic 2015","a389569e794e16c9","0"
"Jace, the Living Guildpact","Magic 2015","45b2ba4a0c2db377","0"
"Jalira, Master Polymorphist","Magic 2015","0b78db9190975a7c","0"
"Jorubai Murk Lurker","Magic 2015","193270255edaf1ad","0"
"Juggernaut","Magic 2015","1f7d300a2ff0c68d","0"
"Kalonian Twingrove","Magic 2015","c5258dcb6b5b2546","0"
"Kapsho Kitefins","Magic 2015","45433bb1fbc0ce19","0"
"Kinsbaile Skirmisher","Magic 2015","235bf953482e3633","0"
"Kird Chieftain","Magic 2015","d5b749138363c92d","0"
"Krenko's Enforcer","Magic 2015","c574d15bc18992bd","0"
"Kurkesh, Onakke Ancient","Magic 2015","47f807b6924f492d","0"
"Lava Axe","Magic 2015","d5a5a9f99a110f19","0"
"Leeching Sliver","Magic 2015","3f3d45a313524ccd","0"
"Life's Legacy","Magic 2015","2b3426cd593e46e3","0"
"Lightning Strike","Magic 2015","0db958b1771c895b","0"
"Liliana Vess","Magic 2015","33103dcf089bf176","0"
"Living Totem","Magic 2015","c923d195ec762a0f","0"
"Llanowar Wastes","Magic 2015","c96923e13647586f","0"
"Mahamoti Djinn","Magic 2015","63ccd03378b7242f","0"
"Marked by Honor","Magic 2015","b54596b6847a3b0b","0"
"Mass Calcify","Magic 2015","43468c953368ddde","0"
"Master of Predicaments","Magic 2015","4dcbc66464a638f6","0"
"Meditation Puzzle","Magic 2015","655c219e85699aeb","0"
"Mercurial Pretender","Magic 2015","83d170267c3b8fe2","0"
"Meteorite","Magic 2015","2343c9e9535f9c52","0"
"Midnight Guard","Magic 2015","c9494a163c79b5b6","0"
"Might Makes Right","Magic 2015","5f758717134b2aa1","0"
"Military Intelligence","Magic 2015","212ce6db9b1292e7","0"
"Mind Rot","Magic 2015","133372c7435a5b3c","0"
"Mind Sculpt","Magic 2015","c3c37c380e7ac647","0"
"Miner's Bane","Magic 2015","bda71b4bf1741814","0"
"Mountain (1)","Magic 2015","91496eb93a662799","0"
"Mountain (2)","Magic 2015","990760f1e68d36e6","0"
"Mountain (3)","Magic 2015","dd8f8d62f2f03424","0"
"Mountain (4)","Magic 2015","b1c739c90b570735","0"
"Naturalize","Magic 2015","014b0d2fc3cd6b5e","0"
"Necrobite","Magic 2015","f9af8648381679c6","0"
"Necrogen Scudder","Magic 2015","af80c3e87c394b4e","0"
"Necromancer's Assistant","Magic 2015","f1cbc151b7b76420","0"
"Necromancer's Stockpile","Magic 2015","714d52f6b2a2b49a","0"
"Negate","Magic 2015","25e5fa9e59469a81","0"
"Netcaster Spider","Magic 2015","0db56457d989666a","0"
"Nightfire Giant","Magic 2015","3bb3ce8c3b330c8c","0"
"Nightmare","Magic 2015","234f9e9c66193366","0"
"Nimbus of the Isles","Magic 2015","331380837437eaf7","0"
"Nissa's Expedition","Magic 2015","b18d4cd22e3712bb","0"
"Nissa, Worldwaker","Magic 2015","4ff166c3034f282f","0"
"Ob Nixilis, Unshackled","Magic 2015","e319b169e9326336","0"
"Obelisk of Urd","Magic 2015","09913fc1fc8f40be","0"
"Oppressive Rays","Magic 2015","23699956abb44ed2","0"
"Oreskos Swiftclaw","Magic 2015","c551b909c9b22ded","0"
"Ornithopter","Magic 2015","0de573f324762c91","0"
"Overwhelm","Magic 2015","3d3f490226b3d0ed","0"
"Paragon of Eternal Wilds","Magic 2015","b3afee1b9a4e4201","0"
"Paragon of Fierce Defiance","Magic 2015","a773500fe7703c8c","0"
"Paragon of Gathering Mists","Magic 2015","0133c64bb90f3ee9","0"
"Paragon of New Dawns","Magic 2015","e51768b9a266ac96","0"
"Paragon of Open Graves","Magic 2015","29353b93278b99d8","0"
"Peel from Reality","Magic 2015","0931a6cdd8ca975d","0"
"Perilous Vault","Magic 2015","a13c5227ec83dec6","0"
"Phyrexian Revoker","Magic 2015","39d159a9978d6362","0"
"Phytotitan","Magic 2015","973f3383e51c8564","0"
"Pillar of Light","Magic 2015","a969d9d96c6c3492","0"
"Plains (1)","Magic 2015","050163db1b7e5be1","0"
"Plains (2)","Magic 2015","d3934f996a43a41e","0"
"Plains (3)","Magic 2015","e1a13de6469c94f1","0"
"Plains (4)","Magic 2015","c3318578669d8fa5","0"
"Plummet","Magic 2015","b1634c9d4a4d94dd","0"
"Polymorphist's Jest","Magic 2015","09373e99cf4dc1c4","0"
"Preeminent Captain","Magic 2015","2b399fe41e116633","0"
"Profane Memento","Magic 2015","c3391c0f8ceab69a","0"
"Quickling","Magic 2015","8fc3c3b8a9196cc6","0"
"Radiant Fountain","Magic 2015","1b13f227c0de84f3","0"
"Raise the Alarm","Magic 2015","739f03d76524e660","0"
"Ranger's Guile","Magic 2015","9f2b5bb4821a6a8b","0"
"Razorfoot Griffin","Magic 2015","fb70f164d28c059e","0"
"Reclamation Sage","Magic 2015","77391656746b6341","0"
"Research Assistant","Magic 2015","0f7f8f34fb071014","0"
"Resolute Archangel","Magic 2015","89fc7667c0643687","0"
"Restock","Magic 2015","0debc289cc8364fd","0"
"Return to the Ranks","Magic 2015","3b8fc2b760d22837","0"
"Roaring Primadox","Magic 2015","e3c307143b6c3f38","0"
"Rogue's Gloves","Magic 2015","c3e48c7c38cee319","0"
"Rotfeaster Maggot","Magic 2015","4be4b40a1c31e77e","0"
"Rummaging Goblin","Magic 2015","7d89b4344ac83bce","0"
"Runeclaw Bear","Magic 2015","6f49a3f14b3c18c3","0"
"Sacred Armory","Magic 2015","4f063feee1c401ae","0"
"Sanctified Charge","Magic 2015","bf972957412d1c26","0"
"Satyr Wayfinder","Magic 2015","ad95d2ba43131abc","0"
"Scrapyard Mongrel","Magic 2015","d1cc731c4dc9998e","0"
"Scuttling Doom Engine","Magic 2015","83c797197c2c964e","0"
"Seismic Strike","Magic 2015","959519596b7c239a","0"
"Selfless Cathar","Magic 2015","159dfb70490965a7","0"
"Sengir Vampire","Magic 2015","5bc824b237c478cf","0"
"Seraph of the Masses","Magic 2015","9dd6d149335a601f","0"
"Serra Angel","Magic 2015","41837b3756688f1e","0"
"Shadowcloak Vampire","Magic 2015","796acc969c70239d","0"
"Shaman of Spring","Magic 2015","877cd8672c21e497","0"
"Shield of the Avatar","Magic 2015","d9935364664df688","0"
"Shivan Dragon","Magic 2015","e3775e31e30c3858","0"
"Shivan Reef","Magic 2015","1111c78cbd6e6679","0"
"Shrapnel Blast","Magic 2015","f339d318f429e612","0"
"Siege Dragon","Magic 2015","87b50d7b9e4a4634","0"
"Siege Wurm","Magic 2015","6309f3c32c7c7cc4","0"
"Sign in Blood","Magic 2015","4b5ced2666339299","0"
"Sliver Hive","Magic 2015","4344ce72d8be43e3","0"
"Sliver Hivelord","Magic 2015","c9f932b13956991c","0"
"Solemn Offering","Magic 2015","692973470ffa2619","0"
"Soul of Innistrad","Magic 2015","03d3f123873378bc","0"
"Soul of New Phyrexia","Magic 2015","7b9a33331170f235","0"
"Soul of Ravnica","Magic 2015","e339218eef6e9540","0"
"Soul of Shandalar","Magic 2015","33431f4c3d1ade8c","0"
"Soul of Theros","Magic 2015","c3fb32f26a603a2c","0"
"Soul of Zendikar","Magic 2015","b5350fa459698d72","0"
"Soulmender","Magic 2015","998d31b35603c7f2","0"
"Spectra Ward","Magic 2015","0d73699098cd37e3","0"
"Spirit Bonds","Magic 2015","a189d87dd85d262b","0"
"Stab Wound","Magic 2015","1f43e739e6231878","0"
"Staff of the Death Magus","Magic 2015","71feaecd8c104a35","0"
"Staff of the Flame Magus","Magic 2015","63d8b44e371dd18a","0"
"Staff of the Mind Magus","Magic 2015","63d3336b0e33d152","0"
"Staff of the Sun Magus","Magic 2015","21eba569ba3a582e","0"
"Staff of the Wild Magus","Magic 2015","e9d3bc4c2414cf5c","0"
"Stain the Mind","Magic 2015","a93e34b952645e1e","0"
"Statute of Denial","Magic 2015","d3b36432d80c70df","0"
"Stoke the Flames","Magic 2015","29e3da70c68435ee","0"
"Stormtide Leviathan","Magic 2015","b9d50aeb19b66382","0"
"Sunblade Elf","Magic 2015","e751d85a0f8e6561","0"
"Sungrace Pegasus","Magic 2015","6f21958ec99f3470","0"
"Swamp (1)","Magic 2015","bb1146cc6606cbbb","0"
"Swamp (2)","Magic 2015","2981526e7669d2fc","0"
"Swamp (3)","Magic 2015","29b396564aecc4cd","0"
"Swamp (4)","Magic 2015","1b7dc6c2e429331d","0"
"Terra Stomper","Magic 2015","898d191933b7e725","0"
"The Chain Veil","Magic 2015","33c7cc3838384f1f","0"
"Thundering Giant","Magic 2015","d7463305877339e1","0"
"Tireless Missionaries","Magic 2015","614397bb5fa4a443","0"
"Titanic Growth","Magic 2015","4fdf919296b06865","0"
"Torch Fiend","Magic 2015","4f01b3db7161b392","0"
"Tormod's Crypt","Magic 2015","639ec1338c167ea6","0"
"Triplicate Spirits","Magic 2015","8bf1de91e0c862a7","0"
"Turn to Frog","Magic 2015","1bbcecc8c3e0f8c8","0"
"Typhoid Rats","Magic 2015","49694c71319a5e6f","0"
"Tyrant's Machine","Magic 2015","a5614a1ef481dbd3","0"
"Ulcerate","Magic 2015","8de3f2b83f4182cc","0"
"Undergrowth Scavenger","Magic 2015","81896c7aad453e97","0"
"Unmake the Graves","Magic 2015","71b64e71da38c4b8","0"
"Urborg, Tomb of Yawgmoth","Magic 2015","8969a6e6e1993437","0"
"Venom Sliver","Magic 2015","df1fd8d470091723","0"
"Verdant Haven","Magic 2015","79913bc48e9c2cb6","0"
"Vineweft","Magic 2015","c9a932e3d3714c65","0"
"Void Snare","Magic 2015","0f26af106cfe49b4","0"
"Walking Corpse","Magic 2015","ef5f10cb9827d043","0"
"Wall of Essence","Magic 2015","a3b8b43c0e8dad56","0"
"Wall of Fire","Magic 2015","996e9ecb8212e16b","0"
"Wall of Frost","Magic 2015","4bc02c9fb46b6c69","0"
"Wall of Limbs","Magic 2015","635dc37b6b138c81","0"
"Wall of Mulch","Magic 2015","a3dc6c943656c6e4","0"
"Warden of the Beyond","Magic 2015","4909f4a51cf9b335","0"
"Waste Not","Magic 2015","a71fa52d1f470b21","0"
"Welkin Tern","Magic 2015","49caa79cbb3460e3","0"
"Will-Forged Golem","Magic 2015","93f52c4f2442b9ba","0"
"Witch's Familiar","Magic 2015","35a56d3be21313d4","0"
"Xathrid Slyblade","Magic 2015","39e1e1868e72d9c3","0"
"Yavimaya Coast","Magic 2015","7d003df60257db92","0"
"Yisan, the Wanderer Bard","Magic 2015","a3bd16ce43b1b12c","0"
"Zof Shade","Magic 2015","cb672c095959ce8e","0"
